Type,Amount
capital_one,3460.979999999996
mercury_3320,1719.83
mercury_9493,1719.83
paypal,"-1,123.484.379.07"
mercury_3320,92.7300000000003
upwork,0.0
mercury_3320,1800.0
